kind,row,ns,v0,v1,v2,v3,v4,v5,v6,v7,v8,v9,v10,v11,v12,v13
weight,0,4855,40,00,00,00,00,00,00,00,00,00,00,00,00,00
weight,1,4865,00,40,00,00,00,00,00,00,00,00,00,00,00,00
weight,2,4875,00,00,40,00,00,00,00,00,00,00,00,00,00,00
weight,3,4885,00,00,00,40,00,00,00,00,00,00,00,00,00,00
weight,4,4895,00,00,00,00,40,00,00,00,00,00,00,00,00,00
weight,5,4905,00,00,00,00,00,40,00,00,00,00,00,00,00,00
weight,6,4915,00,00,00,00,00,00,40,00,00,00,00,00,00,00
weight,7,4925,00,00,00,00,00,00,00,40,00,00,00,00,00,00
weight,8,4935,00,00,00,00,00,00,00,00,40,00,00,00,00,00
weight,9,4945,00,00,00,00,00,00,00,00,00,40,00,00,00,00
weight,10,4955,00,00,00,00,00,00,00,00,00,00,40,00,00,00
weight,11,4965,00,00,00,00,00,00,00,00,00,00,00,40,00,00
weight,12,4975,00,00,00,00,00,00,00,00,00,00,00,00,40,00
weight,13,4985,00,00,00,00,00,00,00,00,00,00,00,00,00,40
mmu,0,5025,00000000,FFFFFF00,FFFFFE00,FFFFFD00,FFFFFC00,FFFFFB00,FFFFFA00,FFFFF900,FFFFF800,FFFFF700,FFFFF600,FFFFF500,FFFFF400,FFFFF300
mmu,1,5035,00000100,00000000,FFFFFF00,FFFFFE00,FFFFFD00,FFFFFC00,FFFFFB00,FFFFFA00,FFFFF900,FFFFF800,FFFFF700,FFFFF600,FFFFF500,FFFFF400
mmu,2,5045,00000200,00000100,00000000,FFFFFF00,FFFFFE00,FFFFFD00,FFFFFC00,FFFFFB00,FFFFFA00,FFFFF900,FFFFF800,FFFFF700,FFFFF600,FFFFF500
mmu,3,5055,00000300,00000200,00000100,00000000,FFFFFF00,FFFFFE00,FFFFFD00,FFFFFC00,FFFFFB00,FFFFFA00,FFFFF900,FFFFF800,FFFFF700,FFFFF600
mmu,4,5065,00000400,00000300,00000200,00000100,00000000,FFFFFF00,FFFFFE00,FFFFFD00,FFFFFC00,FFFFFB00,FFFFFA00,FFFFF900,FFFFF800,FFFFF700
mmu,5,5075,00000500,00000400,00000300,00000200,00000100,00000000,FFFFFF00,FFFFFE00,FFFFFD00,FFFFFC00,FFFFFB00,FFFFFA00,FFFFF900,FFFFF800
mmu,6,5085,00000600,00000500,00000400,00000300,00000200,00000100,00000000,FFFFFF00,FFFFFE00,FFFFFD00,FFFFFC00,FFFFFB00,FFFFFA00,FFFFF900
mmu,7,5095,00000700,00000600,00000500,00000400,00000300,00000200,00000100,00000000,FFFFFF00,FFFFFE00,FFFFFD00,FFFFFC00,FFFFFB00,FFFFFA00
mmu,8,5105,00000800,00000700,00000600,00000500,00000400,00000300,00000200,00000100,00000000,FFFFFF00,FFFFFE00,FFFFFD00,FFFFFC00,FFFFFB00
mmu,9,5115,00000900,00000800,00000700,00000600,00000500,00000400,00000300,00000200,00000100,00000000,FFFFFF00,FFFFFE00,FFFFFD00,FFFFFC00
mmu,10,5125,00000A00,00000900,00000800,00000700,00000600,00000500,00000400,00000300,00000200,00000100,00000000,FFFFFF00,FFFFFE00,FFFFFD00
mmu,11,5135,00000B00,00000A00,00000900,00000800,00000700,00000600,00000500,00000400,00000300,00000200,00000100,00000000,FFFFFF00,FFFFFE00
mmu,12,5145,00000C00,00000B00,00000A00,00000900,00000800,00000700,00000600,00000500,00000400,00000300,00000200,00000100,00000000,FFFFFF00
mmu,13,5155,00000D00,00000C00,00000B00,00000A00,00000900,00000800,00000700,00000600,00000500,00000400,00000300,00000200,00000100,00000000
activation,0,5305,00,00,00,00,00,00,00,00,00,00,00,00,00,00
activation,1,5315,01,00,00,00,00,00,00,00,00,00,00,00,00,00
activation,2,5325,02,01,00,00,00,00,00,00,00,00,00,00,00,00
activation,3,5335,03,02,01,00,00,00,00,00,00,00,00,00,00,00
activation,4,5345,04,03,02,01,00,00,00,00,00,00,00,00,00,00
activation,5,5355,05,04,03,02,01,00,00,00,00,00,00,00,00,00
activation,6,5365,06,05,04,03,02,01,00,00,00,00,00,00,00,00
activation,7,5375,07,06,05,04,03,02,01,00,00,00,00,00,00,00
activation,8,5385,08,07,06,05,04,03,02,01,00,00,00,00,00,00
activation,9,5395,09,08,07,06,05,04,03,02,01,00,00,00,00,00
activation,10,5405,0A,09,08,07,06,05,04,03,02,01,00,00,00,00
activation,11,5415,0B,0A,09,08,07,06,05,04,03,02,01,00,00,00
activation,12,5425,0C,0B,0A,09,08,07,06,05,04,03,02,01,00,00
activation,13,5435,0D,0C,0B,0A,09,08,07,06,05,04,03,02,01,00
